date,hospitalized,hospitalizedConfirmed,hospitalizedIcu,hospitalizedTestResultsPending,hospitalizedVentilator,ventilatorsOnHand,ventilatorsInUse,ventilatorsUtilization,bedAvailability,hospitalsPpeDifficulty,hospitalsOtherDifficulty,discharged,icuOccupancy,icuSurgeBeds,icuSurgeOccupancy,totalNonIcuBedsAvailable,totalIcuBedsAvailable,nonIcuBedsAvailableAdultOnly,icuBedsAvailableAdultOnly
2020-04-07,1183,589,408,594,283,2533,692,0.27,5461,11,1,,,,,,,,
2020-04-08,1289,649,468,640,293,2574,705,0.27,5325,12,3,,,,,,,,
2020-04-09,1296,669,469,627,285,2734,700,0.26,5691,7,2,,,,,,,,
2020-04-10,1238,717,457,521,287,2797,686,0.25,5846,8,3,,,,,,,,
2020-04-11,1252,735,426,517,283,2801,654,0.23,5975,8,3,,,,,,,,
2020-04-12,1272,751,440,521,294,2815,627,0.22,5953,7,2,,,,,,,,
2020-04-13,1238,765,428,473,302,2833,659,0.23,5970,7,2,467,,,,,,,
2020-04-14,1282,813,422,469,276,2838,709,0.25,5991,7,2,721,,,,,,,
2020-04-15,1298,802,394,496,234,2865,695,0.24,5617,6,1,752,,,,,,,
2020-04-16,1337,800,427,537,238,2841,700,0.25,5543,6,1,951,,,,,,,
2020-04-17,1308,809,400,499,224,2862,622,0.22,5587,6,1,1110,,,,,,,
2020-04-18,1307,821,398,486,230,2865,608,0.21,6097,6,1,1228,,,,,,,
2020-04-19,1319,820,388,499,231,2886,598,0.21,5853,6,1,1267,,,,,,,
2020-04-20,1296,828,396,468,237,2908,626,0.22,5961,6,1,1324,,,,,,,
2020-04-21,1331,854,403,477,251,2887,629,0.22,5465,6,1,1418,,,,,,,
2020-04-22,1374,879,419,495,244,2888,650,0.23,5519,3,0,1497,,,,,,,
2020-04-23,1379,887,400,492,249,2899,635,0.22,5327,3,0,1567,,,,,,,
2020-04-24,1399,912,379,487,220,2903,646,0.22,5485,4,1,1672,,,,,,,
2020-04-25,1405,923,357,482,223,2935,629,0.21,5353,3,1,1717,,,,,,,
2020-04-26,1436,897,387,539,217,2987,649,0.22,5320,2,1,1815,,,,,,,
2020-04-27,1455,913,389,542,217,2982,616,0.21,5433,2,1,1843,,,,,,,
2020-04-28,1508,948,376,560,217,2988,596,0.20,5177,2,1,1914,,,,,,,
2020-04-29,1566,946,387,620,222,2997,589,0.20,5152,1,0,2042,,,,,,,
2020-04-30,1550,967,372,583,208,2974,613,0.21,5099,2,1,2104,,,,,,,
2020-05-01,1431,963,366,468,193,2953,593,0.20,5181,2,1,2196,,,,,,,
2020-05-02,1426,968,375,458,202,2932,589,0.20,5070,1,1,2312,,,,,,,
2020-05-03,1413,948,385,465,193,2950,589,0.20,5187,0,0,2497,,,,,,,
2020-05-04,1463,985,348,478,192,2938,593,0.20,5017,0,0,2547,,,,,,,
2020-05-05,1496,1027,361,469,189,2952,591,0.20,4726,0,0,2617,,,,,,,
2020-05-06,1594,1079,396,515,192,2917,603,0.21,4761,0,0,2734,,,,,,,
2020-05-07,1613,1094,371,519,203,2912,587,0.20,4683,0,0,2825,,,,,,,
2020-05-08,1625,1076,378,549,199,2935,591,0.20,4635,0,0,2997,,,,,,,
2020-05-09,1593,1092,367,501,198,2920,623,0.21,4698,0,0,3124,,,,,,,
2020-05-10,1555,1049,351,506,187,2874,600,.21,4686,0,0,3201,,,,,,,
2020-05-11,1504,1072,362,432,194,2885,602,.21,4647,0,0,3273,,,,,,,
2020-05-12,1529,1082,364,447,201,2937,662,.23,4784,0,0,3400,,,,,,,
2020-05-13,1526,1041,374,485,202,2935,656,.22,4546,0,0,3554,,,,,,,
2020-05-14,1533,1037,355,496,201,2942,652,.22,4360,0,0,3678,,,,,,,
2020-05-15,1511,1053,362,458,195,2953,624,.21,4328,0,0,3805,,,,,,,
2020-05-16,1505,1020,381,485,189,2952,621,.21,4477,0,0,3909,,,,,,,
2020-05-17,1524,997,379,527,195,2940,611,.21,4550,0,0,3993,,,,,,,
2020-05-18,1502,972,361,530,194,2933,629,0.21,4389,0,0,4107,,,,,,,
2020-05-19,1497,1024,377,473,199,2947,638,.22,4411,0,0,4271,,,,,,,
2020-05-20,1536,1018,370,518,202,2947,638,.22,4264,0,0,4523,,,,,,,
2020-05-21,1491,1001,351,490,191,2956,627,.21,4250,0,0,4778,,,,,,,
2020-05-22,1459,995,366,464,207,2959,636,.21,4189,0,0,4963,,,,,,,
2020-05-23,1384,975,330,409,213,2953,623,0.21,4285,0,0,5047,,,,,,,
2020-05-24,1351,940,354,411,192,2954,612,.21,4572,0,0,5102,,,,,,,
2020-05-25,1376,962,349,414,182,2954,611,.21,4508,0,0,5145,,,,,,,
2020-05-26,1403,991,366,412,190,2954,619,.21,4516,0,0,5227,,,,,,,
2020-05-27,1459,1015,390,444,203,2994,610,.20,4300,0,0,5367,,,,,,,
2020-05-28,1502,1026,416,476,195,2949,627,.21,4080,0,0,5472,,,,,,,
2020-05-29,1524,999,373,525,193,2954,626,.21,4107,0,0,5648,,,,,,,
2020-05-30,1471,990,372,481,194,2982,631,.21,4330,0,0,5745,,,,,,,
2020-05-31,1458,958,371,500,196,2984,623,.21,4792,0,0,5868,,,,,,,
2020-06-01,1371,952,347,419,188,2984,631,.21,4420,0,0,5899,,,,,,,
2020-06-02,1362,912,336,450,186,2956,584,.20,4543,0,0,6011,,,,,,,
2020-06-03,1311,876,313,435,185,2984,613,.21,4162,0,0,6165,,,,,,,
2020-06-04,1266,854,321,412,171,2953,557,.19,4152,0,0,6284,,,,,,,
2020-06-05,1205,831,320,374,161,2959,583,.20,4243,0,0,6392,,,,,,,
2020-06-06,1171,821,324,350,169,2959,609,.21,4196,0,0,6382,,,,,,,
2020-06-07,1186,801,316,385,165,2965,588,.2,4374,0,0,6538,,,,,,,
2020-06-08,1173,800,308,373,160,2982,545,.18,4427,0,0,6557,,,,,,,
2020-06-09,1169,786,311,383,155,2989,580,.19,4339,0,0,6677,,,,,,,
2020-06-10,1155,748,296,407,139,2919,592,.2,3882,2,0,6826,,,,,,,
2020-06-11,1069,711,273,358,138,2952,587,.2,3834,0,0,6895,,,,,,,
2020-06-12,1026,663,297,363,143,2975,614,.21,3792,0,0,7002,,,,,,,
2020-06-13,959,676,295,283,142,2975,610,.21,3931,0,0,7131,,,,,,,
2020-06-14,958,656,334,302,155,2954,625,.21,4146,0,0,7178,,,,,,,
2020-06-15,902,643,269,259,130,2944,600,.2,4519,0,0,7230,,,,,,,
2020-06-16,904,647,241,257,125,2979,598,.2,4272,0,0,7341,,,,,,,
2020-06-17,938,625,249,313,120,2980,603,.2,3988,0,0,7429,,,,,,,
2020-06-18,857,598,241,259,129,2982,581,.19,3882,0,0,7493,,,,,,,
2020-06-19,862,577,251,285,121,2992,585,.20,3863,0,0,7563,,,,,,,
2020-06-20,880,577,267,303,133,3025,611,.20,4052,0,0,7607,,,,,,,
2020-06-21,866,566,243,297,125,2966,610,.21,4193,0,0,7646,,,,,,,
2020-06-22,848,550,240,298,132,2968,653,.22,4321,0,0,7663,,,,,,,
2020-06-23,847,556,245,291,126,2995,634,.21,4324,0,0,7725,,,,,,,
2020-06-24,886,567,235,319,107,2995,611,.2,3762,0,0,7765,,,,,,,
2020-06-25,854,551,237,303,104,2993,589,.2,3624,0,0,7818,,,,,,,
2020-06-26,854,559,219,295,99,3027,571,.19,3796,0,0,7868,,,,,,,
2020-06-27,819,535,234,284,103,3022,582,.19,3847,0,0,7968,,,,,,,
2020-06-28,818,523,235,295,107,2973,604,.2,4027,0,0,8005,,,,,,,
2020-06-29,796,535,225,261,101,2982,591,.2,4102,0,0,8023,,,,,,,
2020-06-30,902,547,230,355,98,3034,615,.20,3909,0,0,8080,,,,,,,
2020-07-01,892,535,205,357,95,3033,645,.21,3646,0,0,8131,,,,,,,
2020-07-02,888,545,206,343,95,3020,664,.22,3758,0,0,8496,,,,,,,
2020-07-03,818,535,207,283,95,3020,646,.21,3728,0,0,8711,,,,,,,
2020-07-04,808,528,207,280,99,3000,620,.21,4024,0,0,8741,,,,,,,
2020-07-05,792,546,202,246,95,3000,634,.21,4294,0,0,8784,,,,,,,
2020-07-06,783,565,194,218,86,2999,633,.21,4239,0,0,8809,,,,,,,
2020-07-07,902,589,221,313,105,3004,638,.21,4052,0,0,8913,,,,,,,
2020-07-08,971,594,230,377,98,3006,635,.21,3682,0,0,9011,,,,,,,
2020-07-09,956,586,215,370,93,3002,631,.21,3612,0,0,9065,,,,,,,
2020-07-10,1006,628,234,378,102,2992,631,.21,3463,0,0,9189,,,,,,,
2020-07-11,1020,655,230,365,97,2992,621,.21,3530,0,0,9271,,,,,,,
2020-07-12,1045,656,228,389,101,2977,611,.21,3699,0,0,9310,,,,,,,
2020-07-13,1129,663,243,466,105,2977,614,.21,3799,0,0,9330,,,,,,,
2020-07-14,1127,707,249,420,112,3018,641,.21,3771,0,0,9423,,,,,,,
2020-07-15,1081,699,246,382,113,3055,664,.22,3543,0,0,9527,,,,,,,
2020-07-16,1134,690,248,444,118,3126,644,.21,3462,0,0,9644,,,,,,,
2020-07-17,1171,701,247,470,118,3083,623,.20,3534,0,0,9883,,,,,,,
2020-07-18,1166,745,254,421,108,3080,626,.2,3718,0,0,9976,,,,,,,
2020-07-19,1186,733,249,453,127,2983,586,.20,3820,0,0,10017,,,,,,,
2020-07-20,1158,743,265,415,125,3051,613,.2,3877,0,0,10107,,,,,,,
2020-07-21,1189,762,258,427,127,3047,624,.2,3765,1,0,10235,,,,,,,
2020-07-22,1157,772,253,385,136,2999,635,.21,3555,1,0,10331,.76,702,.53,,,,
2020-07-23,1218,801,257,417,136,3077,679,.22,3486,1,0,10479,.77,706,.54,,,,
2020-07-24,1250,799,274,451,142,3077,635,.21,3496,1,0,10576,.77,726,.53,,,,
2020-07-25,1201,785,266,416,138,3075,614,.2,3649,0,0,10800,.78,755,.53,,,,
2020-07-26,1174,781,268,393,143,3077,620,.2,3851,0,0,10882,.77,750,.53,,,,
2020-07-27,1200,821,260,379,140,3071,628,.2,3834,0,0,10940,.77,752,.52,,,,
2020-07-28,1294,858,261,436,153,3049,640,.21,3824,0,0,11550,.78,808,.52,,,,
2020-07-29,1350,866,276,484,155,3043,668,.22,3647,0,0,11650,.79,809,.53,,,,
2020-07-30,1357,865,284,492,147,3051,663,.22,3427,0,0,11728,.82,814,.54,,,,
2020-07-31,1334,885,279,449,145,3062,637,.21,3605,0,0,11937,.78,813,.52,,,,
2020-08-01,1256,905,275,352,150,3069,627,.2,3580,0,0,12007,.79,816,.53,,,,
2020-08-02,1172,858,267,315,138,3062,660,.22,3711,0,0,12108,.78,814,.52,,,,
2020-08-03,1205,883,271,322,151,3062,663,.22,3755,0,0,12255,.76,814,.51,,,,
2020-08-04,1255,880,282,375,144,3069,615,.20,3770,0,0,12385,.76,792,.50,,,,
2020-08-05,1304,881,283,423,144,3074,647,.21,3561,0,0,12522,.79,823,.53,,,,
2020-08-06,1349,875,284,474,157,3076,630,.20,3523,0,0,12635,.78,846,.51,,,,
2020-08-07,1372,897,284,475,159,3073,604,.20,3461,0,0,12725,.80,845,.52,,,,
2020-08-08,1258,896,271,362,145,3071,612,.20,3509,1,1,12843,.83,850,.54,,,,
2020-08-09,1200,856,260,344,146,3071,600,.2,3695,1,1,12923,.79,848,.52,,,,
2020-08-10,1251,855,279,396,159,3073,592,.19,3701,1,1,12961,.8,845,.53,,,,
2020-08-11,1293,866,280,427,148,3073,615,.20,3622,1,1,13152,.79,846,.52,,,,
2020-08-12,1281,884,290,397,142,3074,610,.20,3374,2,1,13247,.78,900,.51,,,,
2020-08-13,1258,868,289,390,141,3072,607,.20,3433,3,1,13389,.77,901,.49,,,,
2020-08-14,1299,860,268,439,150,3080,628,.2,3431,3,1,13477,.76,1252,.43,,,,
2020-08-15,1271,864,279,407,167,3080,650,.21,3522,2,1,13694,.79,1344,.43,,,,
2020-08-16,1184,843,283,341,165,3081,624,.2,3735,1,1,13783,.7,1345,.39,,,,
2020-08-17,1173,857,281,316,158,3081,615,.2,3888,1,1,13827,.73,1351,.4,,,,
2020-08-18,1253,872,300,381,163,3044,604,.20,3797,0,0,13910,.70,1340,.38,,,,
2020-08-19,1243,900,280,343,145,3073,601,.2,3491,0,0,13989,.72,1340,.39,,,,
2020-08-20,1266,893,276,373,148,3081,607,.2,3325,0,0,14091,.74,1344,.41,,,,
2020-08-21,1233,876,263,357,142,3030,608,.2,3417,0,0,14249,.8,1380,.43,,,,
2020-08-22,1154,863,254,291,125,3086,579,.19,3616,1,0,14353,.8,952,.5,,,,
2020-08-23,1155,846,251,309,130,3086,587,.19,3915,1,0,14443,.72,997,.45,,,,
2020-08-24,1127,820,256,307,134,3086,588,.19,3702,1,0,14482,.79,942,.50,,,,
2020-08-25,1174,827,273,347,144,3086,619,.20,3821,1,0,14581,.71,959,.45,,,,
2020-08-26,1170,842,265,328,145,3101,648,.21,3587,1,0,14682,.73,994,.45,,,,
2020-08-27,1174,825,264,349,148,3101,634,.2,3508,1,0,14764,.73,995,.46,,,,
2020-08-28,1101,813,261,288,136,3100,604,.19,3423,2,0,14866,.72,999,.45,,,,
2020-08-29,1101,791,245,310,131,3100,584,.19,3609,2,0,14957,.72,1004,.45,,,,
2020-08-30,1090,777,251,313,132,3092,585,.19,3847,2,0,14999,.72,998,.45,,,,
2020-08-31,1082,764,257,318,146,3092,600,.19,3863,2,0,15085,.77,906,.50,,,,
2020-09-01,1039,804,258,235,130,3093,593,.19,3655,1,0,15199,.79,903,.51,,,,
2020-09-02,1114,836,266,278,134,3085,614,.2,3423,1,0,15319,.8,908,.51,,,,
2020-09-03,1130,800,257,330,123,3090,623,.2,3433,1,0,15395,.8,911,.51,,,,
2020-09-04,1101,828,244,273,128,3090,596,.19,3514,1,0,15492,.79,901,.51,,,,
2020-09-05,1098,813,243,285,121,3090,593,.19,3551,1,0,15636,.74,958,.46,,,,
2020-09-06,1083,815,232,268,119,3091,584,.19,3826,1,0,15683,.7,958,.45,,,,
2020-09-07,1061,767,249,294,119,3091,576,.19,3837,1,0,15742,.76,902,.49,,,,
2020-09-08,1051,768,240,283,118,3091,574,.19,3964,1,0,15770,.71,951,.45,,,,
2020-09-09,1072,800,252,272,121,3091,599,.19,3746,1,0,15967,.78,890,.5,,,,
2020-09-10,1096,763,255,333,134,3092,607,.2,3453,2,0,16061,.78,887,.5,,,,
2020-09-11,1120,780,249,340,120,3091,632,.2,3456,2,0,16143,.73,890,.47,,,,
2020-09-12,995,723,228,272,113,3090,613,.2,3479,2,0,16276,.73,890,.47,,,,
2020-09-13,1012,708,232,304,119,3089,625,.2,3789,2,0,16310,.74,890,.48,,,,
2020-09-14,1006,698,220,308,110,3089,625,.2,3842,2,0,16361,.77,891,.5,,,,
2020-09-15,1015,686,228,329,104,3089,580,.19,3771,2,0,16449,.71,893,.47,,,,
2020-09-16,1027,678,212,349,103,3088,592,.19,3088,2,0,16536,.79,906,.51,,,,
2020-09-17,995,669,225,326,109,3088,613,.2,3088,1,0,16671,.8,908,.51,,,,
2020-09-18,945,648,212,297,102,3080,580,.19,3565,1,0,16762,.78,893,.51,,,,
2020-09-19,960,661,219,299,108,3089,592,.19,3549,0,0,16848,.78,898,.5,,,,
2020-09-20,939,631,263,308,126,3089,602,.19,3751,0,0,16880,.71,909,.46,,,,
2020-09-21,995,652,217,343,106,3089,610,.20,3785,0,0,16903,.76,898,.49,,,,
2020-09-22,940,632,213,308,113,3097,598,.19,3745,0,0,16979,.75,880,.49,,,,
2020-09-23,916,618,215,298,113,3100,640,.21,3411,0,0,17038,.8,885,.52,,,,
2020-09-24,982,624,219,358,112,3092,631,.2,3340,0,0,17099,.79,879,.52,,,,
2020-09-25,965,617,221,348,117,3092,636,.21,3472,0,0,17185,.72,882,.48,,,,
2020-09-26,924,614,202,310,111,3094,628,.2,3460,0,0,17255,.81,883,.52,,,,
2020-09-27,868,603,198,265,103,3094,658,.21,3843,0,0,17443,.72,885,.47,,,,
2020-09-28,890,602,193,288,103,3104,651,.21,3813,0,0,17483,.78,888,.50,,,,
2020-09-29,958,598,202,360,113,3113,625,.2,3756,0,0,17576,.78,932,.5,,,,
2020-09-30,908,594,190,314,104,3115,618,.2,3374,0,0,17633,.79,925,.51,,,,
2020-10-01,913,587,210,326,107,3107,633,.2,3192,0,0,17713,.79,930,.51,,,,
2020-10-02,890,590,201,300,108,3107,644,.21,3229,0,0,17752,.78,909,.51,,,,
2020-10-03,906,600,191,306,103,3075,644,.21,3332,0,0,17810,.8,911,.52,,,,
2020-10-04,877,595,197,282,98,3075,622,.2,3820,0,0,17848,.73,914,.47,,,,
2020-10-05,925,596,213,329,101,3075,595,.19,3596,0,0,17893,.79,909,.51,,,,
2020-10-06,926,607,219,319,104,3115,662,.21,3796,0,0,18112,.78,906,.5,,,,
2020-10-07,1003,641,228,362,109,3115,700,.22,3454,0,0,18189,.8,923,.52,,,,
2020-10-08,933,623,196,310,89,2676,617,.23,3205,0,0,18278,.82,928,.53,,,,
2020-10-09,963,651,205,312,87,2680,591,.22,3329,0,0,18336,.76,930,.49,,,,
2020-10-10,943,642,208,301,97,2679,541,.2,3459,0,0,18447,.82,944,.52,,,,
2020-10-11,924,628,201,296,98,2679,577,.22,3641,0,0,18492,.79,930,.51,,,,
2020-10-12,965,644,205,321,92,2678,586,.22,3949,0,0,18539,.77,932,.50,,,,
2020-10-13,999,686,200,313,98,2667,587,.22,3655,0,0,18657,.78,921,.50,,,,
2020-10-14,1007,673,230,334,102,2668,601,.23,3393,0,0,18747,.79,920,.51,,,,
2020-10-15,1009,690,220,319,104,2668,593,.22,3251,0,0,18831,.82,930,.52,,,,
2020-10-16,1002,673,222,329,104,2668,601,.23,3231,0,0,18911,.81,923,.52,,,,
2020-10-17,993,703,219,290,100,2680,607,.23,2680,0,0,18996,.82,928,.53,,,,
2020-10-18,972,690,205,282,95,2678,604,.23,3960,0,0,19034,.71,929,.46,,,,
2020-10-19,972,689,210,283,81,2678,584,.22,4008,0,0,19096,.77,934,.49,,,,
2020-10-20,937,688,194,249,98,2678,605,.23,3812,0,0,19170,.79,927,.51,,,,
2020-10-21,1010,695,202,315,97,2731,620,.23,3467,0,0,19226,.79,922,.51,,,,
2020-10-22,1109,685,218,424,120,2728,626,.23,3455,0,0,19321,.81,920,.52,,,,
2020-10-23,1012,702,233,310,113,2728,616,.23,3299,0,0,19406,.81,906,.53,,,,
2020-10-24,979,696,220,283,117,2729,624,.23,3527,0,0,19455,.76,906,.49,,,,
2020-10-25,979,696,216,283,109,2729,597,.22,3723,0,0,19520,.74,919,.48,,,,
2020-10-26,1048,736,230,312,114,2731,620,.23,3652,0,0,19583,.81,917,.52,,,,
2020-10-27,1081,746,230,335,106,2922,806,.28,3429,0,0,19702,.82,910,.53,,,,
2020-10-28,1068,732,252,336,113,2917,814,.28,3305,0,0,19786,.82,911,.53,,,,
2020-10-29,1082,748,249,334,108,2917,801,.27,3425,0,0,19832,.82,884,.54,,,,
2020-10-30,1065,763,231,302,107,2921,820,.28,3380,0,0,19929,.82,887,.53,,,,
2020-10-31,1026,753,228,273,104,2931,817,.28,3367,0,0,20008,.73,910,.48,,,,
2020-11-01,1012,723,228,289,98,2927,832,.28,3775,0,0,20044,.61,902,.41,,,,
2020-11-02,1031,722,214,309,97,2919,780,.27,3715,0,0,20124,.77,915,.49,,,,
2020-11-03,1026,746,222,280,97,2903,787,.27,3629,0,0,20306,.7,917,.46,,,,
2020-11-04,1041,779,231,262,102,2926,792,.27,3324,0,0,20372,.74,915,.49,,,,
2020-11-05,1064,767,240,297,104,2934,823,.28,3412,0,0,21289,.81,902,.53,,,,
2020-11-06,1057,791,216,266,96,2933,1050,.36,3919,0,0,21366,.81,879,.53,,,,
2020-11-07,1062,798,215,264,91,2933,842,.29,3505,0,0,21441,.81,887,.53,,,,
2020-11-08,1090,819,202,271,90,2935,821,.28,3865,0,0,21494,.72,888,.47,,,,
2020-11-09,1127,824,214,303,98,2928,798,.27,3730,0,0,21618,.78,886,.51,,,,
2020-11-10,1174,885,224,289,88,2932,794,.27,3524,0,0,21716,.79,879,.52,,,,
2020-11-11,1265,903,250,362,106,2938,806,.27,3174,0,0,21863,.81,884,.53,,,,
2020-11-12,1313,943,246,370,110,2936,838,.29,2936,0,0,22002,.83,877,.54,,,,
2020-11-13,1296,978,258,318,115,2936,827,.28,3127,0,0,22095,.82,880,.53,,,,
2020-11-14,1312,1019,261,293,121,2951,818,.28,3267,0,0,22192,.82,877,.54,,,,
2020-11-15,1284,1006,252,278,120,2961,805,.27,4115,0,0,22252,.71,880,.47,,,,
2020-11-16,1337,1071,263,266,118,2962,802,.27,3579,0,0,22362,.78,878,.51,,,,
2020-11-17,1392,1080,272,312,103,2962,781,.26,3556,0,0,22466,.73,889,.49,,,,
2020-11-18,1469,1105,318,364,126,2960,797,.27,3385,0,0,22594,.74,893,.5,,,,
2020-11-19,1569,1129,303,440,123,2961,788,.27,3302,0,0,22858,.75,892,.5,,,,
2020-11-20,1510,1159,318,351,133,2962,789,.27,3356,0,0,22946,.75,885,.51,,,,
2020-11-21,1507,1158,331,349,135,3002,750,.25,3549,0,0,23053,.74,881,.5,,,,
2020-11-22,1469,1118,320,351,145,2952,781,.26,3696,0,0,23133,.73,876,.49,,,,
2020-11-23,1512,1130,351,382,152,2952,792,.27,3810,0,0,23253,.73,878,.49,,,,
2020-11-24,1496,1173,354,323,146,2960,847,.29,3773,0,0,23498,.75,874,.51,,,,
2020-11-25,1549,1245,361,304,153,2960,847,.29,3533,0,0,23625,.76,896,.51,,,,
2020-11-26,1601,1286,370,315,152,2954,791,.27,3767,0,0,23749,.75,898,.5,,,,
2020-11-27,1593,1276,373,317,160,2954,788,.27,4154,0,0,23858,.72,899,.48,,,,
2020-11-28,1585,1314,370,271,149,2924,783,.27,4235,0,0,23957,.71,900,.48,,,,
2020-11-29,1628,1290,365,338,155,2954,784,.27,4142,0,0,24062,.72,895,.48,,,,
2020-11-30,1658,1331,376,327,162,2955,786,.27,3980,0,0,24199,.72,894,.48,,,,
2020-12-01,1757,1422,398,335,173,2964,822,.28,3717,0,0,24393,.74,887,.5,,,,
2020-12-02,1860,1472,427,388,188,2963,834,.28,3259,0,0,24620,.77,890,.52,,,,
2020-12-03,1853,1467,411,386,186,2964,858,.29,3253,0,0,24782,.79,886,.53,,,,
2020-12-04,1854,1486,413,368,187,2962,858,.29,3195,0,0,24998,.78,880,.52,,,,
2020-12-05,1852,1508,407,344,183,2961,840,.28,3312,0,0,25115,.77,881,.52,,,,
2020-12-06,1969,1490,395,479,187,2961,846,.29,3469,0,0,25235,.77,878,.52,,,,
2020-12-07,1885,1556,403,329,180,2963,843,.28,3722,0,0,25401,.75,876,.51,,,,
2020-12-08,1918,1570,435,348,196,2924,872,.30,3416,0,0,25201,.76,849,.51,,,,
2020-12-09,2035,1653,436,382,200,2956,886,.3,3271,0,0,25862,.78,873,.53,,,,
2020-12-10,2051,1685,415,366,203,2956,892,.3,3117,0,0,26016,.78,874,.53,,,,
2020-12-11,2115,1749,427,366,216,2933,907,.31,3016,0,0,26190,.79,876,.54,,,,
2020-12-12,2117,1779,440,338,229,2962,926,.31,3297,0,0,26434,.77,806,.54,,,,
2020-12-13,2154,1796,426,358,220,2964,941,.32,3344,0,0,26503,.77,810,.53,,,,
2020-12-14,2260,1845,458,415,236,2964,933,.31,3402,0,0,26618,.77,811,.53,,,,
2020-12-15,2361,1979,490,382,240,2913,927,.32,3256,0,0,26929,.77,807,.54,,,,
2020-12-16,2349,1990,511,359,257,2914,952,.33,3078,0,0,27060,.79,802,.55,,,,
2020-12-17,2399,1989,490,410,246,2986,963,.32,3033,0,0,27307,.8,866,.54,,,,
2020-12-18,2409,2075,510,334,254,2988,959,.32,3074,0,0,27471,.79,866,.54,,,,
2020-12-19,2429,2111,495,318,264,2989,957,.32,3196,0,0,27633,.8,863,.55,,,,
2020-12-20,2405,2079,517,326,272,3015,982,.33,3407,0,0,27780,.8,869,.54,,,,
2020-12-21,2442,2113,530,329,282,3015,987,.33,3560,0,0,27887,.8,866,.54,,,,
2020-12-22,2508,2166,535,342,279,3036,978,.32,3449,0,0,28175,.8,851,.54,,,,
2020-12-23,2586,2232,532,354,290,3017,982,.33,3294,0,0,28330,.81,866,.55,,,,
2020-12-24,2577,2240,530,337,294,3008,998,.33,3354,0,0,28940,.82,864,.55,,,,
2020-12-25,2478,2206,518,272,291,3035,999,.33,3750,0,0,29131,.79,862,.54,,,,
2020-12-26,2454,2187,548,267,299,3013,1021,.34,4092,0,0,29545,.78,863,.53,,,,
2020-12-27,2495,2177,514,318,318,3029,1004,.33,3841,0,0,29661,.79,869,.53,,,,
2020-12-28,2563,2231,526,332,321,3040,1007,.33,3748,0,0,29782,.78,1269,.46,,,,
2020-12-29,2698,2369,539,329,326,3001,969,.32,3340,0,0,30133,.81,850,.55,,,,
2020-12-30,2707,2366,553,341,330,3008,1033,.34,3206,0,0,30444,.82,849,.55,,,,
2020-12-31,2744,2388,525,356,328,3006,1004,.33,3203,0,0,30707,.82,844,.56,,,,
2021-01-01,2754,2414,557,340,322,3010,1004,.33,3283,0,0,30964,.81,840,.55,,,,
2021-01-02,2710,2401,557,309,335,3013,993,.33,3584,0,0,31182,.8,840,.54,,,,
2021-01-03,2708,2402,557,306,344,3012,1002,.33,3455,0,0,31368,.8,852,.54,,,,
2021-01-04,2765,2433,563,332,339,3027,1019,.34,3307,0,0,31561,.82,838,.55,,,,
2021-01-05,2918,2608,558,310,337,3027,1049,.35,3078,0,0,31735,.81,835,.55,,,,
2021-01-06,2925,2618,537,307,357,3026,1040,.34,2879,0,0,32101,.84,836,.57,,,,
2021-01-07,3000,2663,568,337,366,3014,1036,.34,3062,0,0,32368,.84,833,.57,,,,
2021-01-08,2991,2693,547,298,351,2909,1046,.36,2873,0,0,32595,.82,830,.56,,,,
2021-01-09,3032,2711,565,321,348,2910,1032,.35,2939,0,0,32833,.84,825,.58,,,,
2021-01-10,3060,2686,533,374,348,2910,1008,.35,3041,0,0,32998,.82,824,.56,,,,
2021-01-11,3117,2714,571,403,352,2947,1036,.35,3097,0,0,33142,.82,827,.56,,,,
2021-01-12,3185,2778,582,407,349,2884,1023,.35,2994,0,0,33562,.81,829,.56,,,,
2021-01-13,3209,2809,587,400,362,2909,1032,.35,2971,0,0,33798,.83,829,.57,,,,
2021-01-14,3196,2820,583,376,366,2895,1049,.36,3014,0,0,34013,.83,839,.57,,,,
2021-01-15,3147,2805,580,342,362,2883,1057,.37,2962,0,0,34805,.83,829,.57,,,,
2021-01-16,3119,2792,561,327,354,2900,1044,.36,3137,0,0,35095,.83,845,.56,,,,
2021-01-17,3058,2739,566,319,339,2903,1034,.36,3164,0,0,35276,.81,850,.55,,,,
2021-01-18,3151,2779,584,372,354,2902,1030,.35,3209,0,0,35476,.81,845,.55,,,,
2021-01-19,3173,2823,588,350,347,2880,1029,.36,3158,0,0,35752,.81,840,.56,,,,
2021-01-20,3098,2759,554,339,338,2910,1000,.34,2958,0,0,36103,.84,842,.57,,,,
2021-01-21,3011,2705,545,306,337,2893,1036,.36,2979,0,0,36379,.84,850,.57,,,,
2021-01-22,2972,2663,509,309,332,2936,1033,.35,3047,0,0,36577,.83,852,.56,,,,
2021-01-23,2927,2615,567,312,320,2925,1024,.35,3178,0,0,36817,.83,860,.56,,,,
2021-01-24,2850,2540,546,310,329,2925,1023,.35,3161,0,0,37076,.83,854,.56,,,,
2021-01-25,2892,2572,554,320,324,2925,1008,.34,3206,0,0,37191,.82,856,.55,,,,
2021-01-26,2847,2567,539,280,316,2922,1019,.35,3121,0,0,37527,.83,829,.57,,,,
2021-01-27,2868,2554,537,314,332,2922,1059,.36,3008,0,0,37823,.84,826,.57,,,,
2021-01-28,2706,2439,515,267,322,2919,1050,.36,3058,0,0,38597,.82,826,.56,,,,
2021-01-29,2691,2426,511,265,309,2922,1042,.36,3100,0,0,38947,.82,819,.56,,,,
2021-01-30,2632,2339,507,293,311,2932,1041,.36,3130,0,0,39192,.82,803,.57,,,,
2021-01-31,2516,2232,496,284,315,2932,1061,.36,3321,0,0,40322,.83,806,.57,,,,
2021-02-01,2446,2183,478,263,304,2933,1030,.35,3319,0,0,40511,.81,940,.53,,,,
2021-02-02,2473,2234,493,239,304,2942,1041,.35,3207,0,0,40673,.8,938,.53,,,,
2021-02-03,2545,2250,500,295,309,2937,1070,.36,3143,0,0,40923,.81,944,.53,,,,
2021-02-04,2444,2191,486,253,294,2937,1032,.35,3184,0,0,41067,.81,947,.53,,,,
2021-02-05,2363,2117,462,246,294,2913,1006,.35,3311,0,0,41288,.82,947,.54,,,,
2021-02-06,2376,2080,465,296,294,2937,1013,.34,3156,0,0,41489,.82,941,.54,,,,
2021-02-07,2303,2028,456,275,301,2945,1017,.35,3329,0,0,41558,.8,947,.52,,,,
2021-02-08,2285,1989,464,296,298,2945,1011,.34,3493,0,0,41636,.78,951,.51,,,,
2021-02-09,2248,1997,467,251,290,2941,987,.34,3305,0,0,42199,.8,946,.52,,,,
2021-02-10,2201,1951,449,250,286,2937,1001,.34,3026,0,0,42338,.82,950,.54,,,,
2021-02-11,2136,1862,451,274,289,2992,993,.33,3017,0,0,42518,.82,953,.54,,,,
2021-02-12,2117,1864,430,253,268,2994,978,.33,3011,0,0,42712,.82,968,.53,,,,
2021-02-13,1991,1733,408,258,262,2938,970,.33,3200,0,0,42887,.81,964,.53,,,,
2021-02-14,1906,1666,392,240,238,2939,999,.34,3321,0,0,42994,.77,963,.50,,,,
2021-02-15,1833,1641,398,192,251,2939,977,.33,3396,0,0,43135,.77,972,.50,,,,
2021-02-16,1849,1658,401,191,241,2936,974,.33,3422,0,0,43305,.78,968,.51,,,,
2021-02-17,1823,1621,386,202,239,2948,958,.32,3213,0,0,44595,.81,960,.52,,,,
2021-02-18,1828,1571,364,257,218,2919,914,.31,3167,1,1,45305,.81,967,.53,,,,
2021-02-19,1671,1452,329,219,204,2923,932,.32,3199,0,0,45524,.79,972,.51,,,,
2021-02-20,1594,1399,312,195,186,2924,928,.32,3329,0,0,45667,.78,967,.51,,,,
2021-02-21,1548,1339,306,209,186,2923,925,.32,3387,0,0,45746,.77,975,.5,,,,
2021-02-22,1540,1296,318,244,187,2923,905,.31,3502,0,0,45892,.76,974,.49,,,,
2021-02-23,1621,1323,315,298,196,2925,907,.31,3558,0,0,46052,.76,980,.49,,,,
2021-02-24,1564,1273,318,291,185,2922,906,.31,3343,0,0,46208,.77,977,.5,,,,
2021-02-25,1488,1271,303,217,183,2921,909,.31,3302,0,0,46430,.8,984,.51,,,,
2021-02-26,1481,1240,313,241,187,2920,902,.31,3271,0,0,46568,.8,977,.52,,,,
2021-02-27,1374,1192,303,182,185,2916,902,.31,3460,0,0,46748,.79,977,.51,,,,
2021-02-28,1323,1152,295,171,180,2919,897,.31,3680,0,0,46935,.77,980,.5,,,,
2021-03-01,1321,1133,295,188,196,2919,892,.31,3844,0,0,47002,.74,981,.48,,,,
2021-03-02,1345,1128,305,217,200,2931,897,.31,3684,0,0,47150,.75,953,.49,,,,
2021-03-03,1352,1134,284,218,184,2931,905,.31,3328,0,0,47259,.79,956,.51,,,,
2021-03-04,1266,1082,270,184,169,2905,860,.30,3294,0,0,47420,.79,958,.51,,,,
2021-03-05,1222,1042,254,180,150,2932,869,.3,3348,0,0,47561,.8,954,.52,,,,
2021-03-06,1164,977,263,187,160,2921,907,.31,3443,0,0,48386,.79,956,.52,,,,
2021-03-07,1127,958,258,169,168,2921,897,.31,3518,0,0,48428,.77,958,.5,,,,
2021-03-08,1142,962,244,180,161,2890,891,.31,3639,0,0,48467,.76,972,.49,,,,
2021-03-09,1172,991,244,181,149,2923,885,.3,3706,0,0,48612,.76,967,.49,,,,
2021-03-10,1136,952,231,184,135,2927,904,.31,3620,0,0,48706,.79,964,.51,,,,
2021-03-11,1129,925,230,204,144,2925,892,.3,3541,0,0,48804,.79,967,.51,,,,
2021-03-12,1129,925,228,204,134,2926,882,.3,3355,0,1,48920,.8,962,.52,,,,
2021-03-13,1118,916,220,202,133,2929,869,.3,3466,0,1,49030,.78,967,.5,,,,
2021-03-14,1063,857,223,206,135,2929,879,.3,3521,0,1,49083,.77,969,.5,,,,
2021-03-15,1013,852,217,161,131,2926,877,.3,3776,0,1,49126,.75,981,.48,,,,
2021-03-16,1088,885,218,203,134,2926,884,.3,3723,0,1,49250,.76,980,.49,,,,
2021-03-17,1077,841,234,236,135,2922,918,.31,3325,0,1,49316,.79,982,.51,,,,
2021-03-18,1034,853,226,181,127,2923,885,.3,3365,0,1,49395,.79,979,.51,,,,
2021-03-19,1035,853,217,182,114,2899,883,.3,3266,0,1,49508,.79,970,.51,,,,
2021-03-20,978,824,222,154,124,2925,878,.3,3435,0,1,49599,.77,967,.5,,,,
2021-03-21,994,812,209,182,127,2925,862,.29,3600,0,1,49647,.75,976,.48,,,,
2021-03-22,1000,832,214,168,124,2927,824,.28,3716,0,1,49686,.74,974,.48,,,,
2021-03-23,1035,872,225,163,135,2920,841,.29,3688,0,1,49804,.76,969,.49,,,,
2021-03-24,973,810,219,163,131,2921,725,.25,3266,0,1,49850,.79,973,.51,,,,
2021-03-25,1003,820,232,183,126,2925,875,.3,3362,0,0,50937,.8,969,.51,,,,
2021-03-26,998,819,238,179,131,2925,871,.3,4495,0,0,51012,.78,970,.51,,,,
2021-03-27,994,834,232,160,124,2930,822,.28,3499,0,0,51074,.78,971,.51,,,,
2021-03-28,1010,856,225,154,128,2926,822,.28,3658,0,0,51101,.76,975,.49,,,,
2021-03-29,1043,878,225,165,130,2926,683,.23,3458,0,0,51157,.74,975,.48,,,,
2021-03-30,1070,910,231,160,128,2925,825,.28,3608,0,0,51236,.73,977,.47,,,,
2021-03-31,1048,883,228,165,134,2925,843,.29,3357,0,0,51841,.77,979,.5,,,,
2021-04-01,1046,889,249,157,134,2926,831,.28,3266,0,0,51541,.77,977,.5,,,,
2021-04-02,1045,860,243,185,137,2925,816,.28,3297,0,0,51677,.77,972,.5,,,,
2021-04-03,1022,862,233,160,127,2925,831,.28,3460,0,0,51748,.76,979,.49,,,,
2021-04-04,1035,883,259,152,130,2925,822,.28,3742,0,0,51818,.73,979,.47,,,,
2021-04-05,1028,868,257,160,133,2925,831,.28,3787,0,0,52012,.74,981,.48,,,,
2021-04-06,1088,894,249,194,137,2925,814,.28,3570,0,0,52050,.74,973,.48,,,,
2021-04-07,1059,905,254,154,140,2925,867,.3,3509,0,0,52111,.75,960,.49,,,,
2021-04-08,1111,923,244,188,133,2919,849,.29,3187,0,0,52161,.77,962,.5,,,,
2021-04-09,1106,941,241,165,125,2919,824,.28,3210,0,0,52229,.78,969,.50,,,,
2021-04-10,1087,940,249,147,133,2920,804,.28,3281,0,0,52303,.78,975,.5,,,,
2021-04-11,1059,892,246,167,137,2921,814,.28,3441,0,0,52371,.76,974,.49,,,,
2021-04-12,1046,891,249,155,129,2921,798,.27,3597,0,0,52480,.75,972,.48,,,,
2021-04-13,1070,905,252,165,144,2912,819,.28,3419,0,0,52561,.77,954,.5,,,,
2021-04-14,1060,926,265,134,148,2922,848,.29,3242,0,0,52808,.78,942,.51,,,,
2021-04-15,1052,906,261,146,145,2916,861,.3,3167,0,0,52886,.79,952,.51,,,,
2021-04-16,1032,886,246,146,147,2963,848,.29,3122,0,0,53361,.79,955,.52,,,,
2021-04-17,1032,898,248,134,142,2972,865,.29,3184,0,0,53439,.79,952,.52,,,,
2021-04-18,1056,910,252,146,139,2972,862,.29,3363,0,0,53479,.77,952,.5,,,,
2021-04-19,1046,925,257,121,119,2972,846,.28,3499,0,0,53578,.75,952,.49,,,,
2021-04-20,1092,946,280,146,127,2972,840,.28,3411,0,0,53876,.75,951,.49,,,,
2021-04-21,1120,979,271,141,130,2970,822,.28,3096,0,0,53970,.77,955,.50,,,,
2021-04-22,1104,949,269,155,145,2943,816,.28,3051,0,0,54066,.78,951,.51,,,,
2021-04-23,1057,924,248,133,136,2965,818,.28,3081,0,0,54115,.77,950,.50,,,,
2021-04-24,1046,900,262,146,147,2965,831,.28,3280,0,0,54188,.77,971,.5,,,,
2021-04-25,1002,871,256,131,133,2965,826,.28,3519,0,0,54228,.78,971,.5,,,,
2021-04-26,974,850,251,124,122,2965,839,.28,3504,0,0,54266,.77,969,.5,,,,
2021-04-27,1009,853,257,156,135,2965,852,.29,3399,0,0,54398,.79,954,.51,,,,
2021-04-28,988,802,244,186,132,2965,838,.28,3244,0,0,54492,.79,961,.51,,,,
2021-04-29,960,784,237,176,138,2963,851,.29,3120,0,0,54563,.81,961,.52,,,,
2021-04-30,950,791,224,159,130,2968,855,.29,3136,0,0,54636,.8,955,.52,,,,
2021-05-01,885,770,224,115,128,2972,843,.28,3241,0,0,54686,.79,968,.51,,,,
2021-05-02,858,727,218,131,129,2972,844,.28,3407,0,0,54717,.78,968,.5,,,,
2021-05-03,822,708,224,114,114,2971,810,.27,3576,0,0,54770,.75,966,.49,,,,
2021-05-04,861,706,225,155,126,2971,824,.28,3279,0,0,54824,.77,970,.5,,,,
2021-05-05,896,714,221,182,114,2972,851,.29,3139,0,0,54882,.79,965,.51,,,,
2021-05-06,847,702,206,145,129,2972,849,.29,3004,0,0,54937,.78,968,.5,,,,
2021-05-07,829,679,211,150,121,2972,854,.29,3056,0,0,55001,.78,972,.5,,,,
2021-05-08,799,643,203,156,116,2973,866,.29,3153,0,0,55063,.77,966,.49,,,,
2021-05-09,779,626,207,153,119,2973,855,.29,3394,0,0,55095,.76,966,.49,,,,
2021-05-10,751,603,197,148,113,2973,835,.28,3560,0,0,55115,.73,969,.47,,,,
2021-05-11,741,631,204,110,116,2973,866,.29,3440,0,0,55354,.77,959,.50,,,,
2021-05-12,779,616,223,163,126,2973,843,.28,3248,0,0,55390,.78,945,.51,,,,
2021-05-13,748,602,204,146,119,2973,840,.28,3098,0,0,55440,.79,948,.51,,,,
2021-05-14,684,586,199,98,117,2973,854,.29,3290,0,0,55467,.78,937,.51,,,,
2021-05-15,700,575,198,125,115,2973,858,.29,3337,0,0,55535,.78,941,.51,,,,
2021-05-16,656,529,198,127,120,3057,863,.28,3585,0,0,55554,.74,941,.48,,,,
2021-05-17,661,516,196,145,121,3056,836,.27,3701,0,0,55579,.73,953,.47,,,,
2021-05-18,604,494,190,110,108,3056,794,.26,3598,0,0,55669,.73,945,.47,,,,
2021-05-19,615,483,188,132,98,3056,822,.27,3509,0,0,55699,.77,953,.50,,,,
2021-05-20,587,454,175,133,93,3056,798,.26,3056,0,0,55739,.77,954,.5,,,,
2021-05-21,619,491,183,128,100,3056,812,.27,3141,0,0,55778,.78,961,.51,,,,
2021-05-22,561,453,159,108,91,3056,771,.25,3437,0,0,55820,.77,940,.5,,,,
2021-05-23,543,429,160,114,88,3059,765,.25,3586,0,0,55846,.75,938,.49,,,,
2021-05-24,503,418,154,85,86,3059,756,.25,3665,0,0,55859,.72,943,.47,,,,
2021-05-25,520,421,154,99,88,3059,768,.25,3572,0,0,55905,.75,946,.49,,,,
2021-05-26,527,407,153,120,91,3059,801,.26,3158,0,0,55922,.77,944,.5,,,,
2021-05-27,514,412,142,102,80,3059,817,.27,3039,0,0,55946,.77,937,.51,,,,
2021-05-28,514,413,131,101,78,3055,797,.26,3115,0,0,55973,.77,938,.51,,,,
2021-05-29,524,406,136,118,80,3055,766,.25,3231,0,0,56013,.76,937,.5,,,,
2021-05-30,500,393,142,107,78,3057,780,.26,3566,0,0,56283,.75,937,.49,,,,
2021-05-31,481,375,139,106,84,3055,785,.26,3641,0,0,56451,.73,937,.47,,,,
2021-06-01,446,360,124,86,76,3055,789,.26,3700,0,0,56471,.71,941,.46,,,,
2021-06-02,476,370,121,106,77,3055,786,.26,3514,0,0,56765,.72,942,.47,,,,
2021-06-03,498,369,129,129,88,3055,811,.27,3257,0,0,56782,.75,941,.49,,,,
2021-06-04,480,356,112,124,82,3052,787,.26,3318,0,0,56566,.77,962,.5,,,,
2021-06-05,443,344,112,99,82,3050,792,.26,3264,0,0,56613,.76,963,.49,,,,
2021-06-06,429,334,112,95,84,3050,769,.25,3344,0,0,56630,.73,963,.47,,,,
2021-06-07,424,334,115,90,76,3051,788,.26,3485,0,0,56646,.73,961,.47,,,,
2021-06-08,452,331,108,121,71,3051,779,.26,3419,0,0,56678,.73,957,.48,,,,
2021-06-09,395,284,104,111,73,3051,764,.25,3383,0,0,56697,.76,945,.5,,,,
2021-06-10,402,276,113,126,73,3051,776,.25,3180,0,0,56717,.76,952,.49,,,,
2021-06-11,367,261,101,106,67,3051,784,.26,3284,0,0,56751,.77,950,.5,,,,
2021-06-12,345,241,84,104,62,3051,810,.27,3324,0,0,56788,.76,952,.49,,,,
2021-06-13,323,237,86,86,62,3051,763,.25,3051,0,0,56794,.74,952,.48,,,,
2021-06-14,321,228,83,93,57,3051,758,.25,3534,0,0,56807,.74,1007,.47,,,,
2021-06-15,324,227,73,97,45,3052,762,.25,3400,0,0,56848,.75,998,.48,,,,
2021-06-16,385,288,83,97,55,3081,757,.25,3359,0,0,56861,.76,999,.49,,,,
2021-06-17,307,216,75,91,41,3051,761,.25,3115,0,0,56885,.77,1004,.49,,,,
2021-06-18,268,202,70,66,37,2967,748,.25,3317,0,0,56991,.77,1005,.49,,,,
2021-06-19,286,200,66,86,25,2967,741,.25,3417,0,0,57004,.75,1003,.48,,,,
2021-06-20,283,198,72,85,37,3051,764,.25,3608,0,0,57020,.73,1001,.47,,,,
2021-06-21,285,196,69,89,38,3050,754,.25,3640,0,0,57036,.72,1003,.46,,,,
2021-06-22,263,200,62,63,36,2977,806,.27,3506,0,0,57067,.74,1005,.47,,,,
2021-06-23,259,185,66,74,37,3050,771,.25,3199,0,0,57081,.73,1009,.47,,,,
2021-06-24,248,188,63,60,34,3050,744,.24,3134,0,0,57099,.75,1009,.48,,,,
2021-06-25,250,176,60,74,31,3050,700,.23,3327,0,0,57127,.74,1013,.47,,,,
2021-06-26,232,171,60,61,33,3048,702,.23,3549,0,0,57145,.74,1015,.47,,,,
2021-06-27,258,168,69,90,37,3048,722,.24,3443,0,0,57152,.73,1017,.47,,,,
2021-06-28,231,162,63,69,32,3048,712,.23,3651,0,0,57162,.69,1016,.44,,,,
2021-06-29,286,202,83,84,49,3052,708,.23,3555,0,0,57179,.74,1013,.47,,,,
2021-06-30,264,182,73,82,46,3050,746,.24,3142,0,0,57195,.75,1011,.48,,,,
2021-07-02,247,163,61,84,36,3048,730,.24,3201,0,0,57234,.77,1018,.49,,,,
2021-07-03,260,188,50,72,33,3048,712,.23,3449,0,0,57264,.73,1017,.47,,,,
2021-07-04,227,153,51,74,33,3048,715,.23,3602,0,0,57275,.72,1015,.46,,,,
2021-07-06,211,146,49,65,33,3048,727,.24,,0,0,57297,.69,996,.44,,,,
2021-07-07,215,152,49,63,29,3048,720,.24,3533,0,0,57321,.74,995,.47,,,,
2021-07-08,221,152,52,69,31,3048,734,.24,3281,0,0,57332,.74,990,.47,,,,
2021-07-09,257,162,63,95,36,3048,714,.23,3275,0,0,57355,.76,989,.49,,,,
2021-07-10,228,153,61,75,32,3048,726,.24,3469,0,0,57370,.77,988,.5,,,,
2021-07-11,245,193,59,52,33,3050,723,.24,3475,0,0,57382,.75,988,.48,,,,
2021-07-12,222,163,54,59,32,3050,712,.23,3547,0,0,57388,.72,988,.47,,,,
2021-07-13,237,160,61,77,46,3048,730,.24,3406,0,0,57407,.73,990,.47,,,,
2021-07-14,240,178,68,62,41,3048,745,.24,3235,0,0,57419,.75,984,.49,,,,
2021-07-15,237,187,67,50,37,3048,723,.24,3048,0,0,57439,.75,989,.49,,,,
2021-07-16,256,191,73,65,35,3048,740,.24,3212,0,0,57460,.75,984,.48,,,,
2021-07-17,286,215,69,71,33,3048,735,.24,3185,0,0,57482,.74,983,.48,,,,
2021-07-18,296,220,79,76,41,3048,729,.24,3455,0,0,57511,.73,989,.47,,,,
2021-07-19,281,217,79,64,40,3048,720,.24,3590,0,0,57517,.71,988,.46,,,,
2021-07-20,338,247,80,91,37,3048,705,.23,3292,0,0,57530,.73,1009,.47,,,,
2021-07-21,352,283,89,69,45,3048,713,.23,3375,0,0,57544,.78,1009,.5,,,,
2021-07-22,387,310,101,77,47,3048,725,.24,3032,0,0,57571,.76,1002,.49,,,,
2021-07-23,415,333,105,82,,,,,,,,57761,,,,,,,
2021-07-24,434,328,105,106,,,,,,,,57787,,,,,,,
2021-07-25,427,341,108,86,,,,,,,,57802,,,,,,,
2021-07-26,415,339,108,76,,,,,,,,57816,,,,,,,
2021-07-27,429,356,113,73,,,,,,,,57872,,,,,,,
2021-07-28,448,362,123,86,,,,,,,,57918,,,,,,,
2021-07-29,448,355,122,93,,,,,,,,58107,,,,,,,
2021-07-30,453,363,124,90,,,,,,,,58132,,,,,,,
2021-07-31,475,389,121,86,,,,,,,,58160,,,,,,,
2021-08-01,489,396,126,93,,,,,,,,58168,,,,,,,
2021-08-02,534,446,137,88,,,,,,,,58179,,,,,,,
2021-08-03,643,539,153,104,,,,,,,,58263,,,,,,,
2021-08-04,668,559,179,109,,,,,,,,58335,,,,,,,
2021-08-05,669,581,173,88,,,,,,,,58366,,,,,,,
2021-08-06,724,615,174,109,,,,,,,,58403,,,,,,,
2021-08-07,751,646,182,105,,,,,,,,58439,,,,,,,
2021-08-08,778,660,185,118,,,,,,,,58464,,,,,,,
2021-08-09,785,677,187,108,,,,,,,,58492,,,,,,,
2021-08-10,879,770,228,109,,,,,,,,58529,,,,,,,
2021-08-11,936,835,246,101,,,,,,,,58619,,,,,,,
2021-08-12,971,856,233,115,,,,,,,,58700,,,,,,,
2021-08-13,1029,923,261,106,,,,,,,,58751,,,,,,,
2021-08-14,1100,984,282,116,,,,,,,,59238,,,,,,,
2021-08-15,1145,1000,300,145,,,,,,,,59283,,,,,,,
2021-08-16,1137,1014,281,123,,,,,,,,59329,,,,,,,
2021-08-17,1191,1070,309,121,,,,,,,,59445,,,,,,,
2021-08-18,1243,1133,340,110,,,,,,,,59514,,,,,,,
2021-08-19,1289,1180,342,109,,,,,,,,59581,,,,,,,
2021-08-20,1265,1157,344,108,,,,,,,,59668,,,,,,,
2021-08-21,1349,1233,354,116,,,,,,,,59757,,,,,,,
2021-08-22,1310,1193,360,117,,,,,,,,59822,,,,,,,
2021-08-23,1364,1226,363,138,,,,,,,,59706,,,,,,,
2021-08-24,1453,1343,395,115,,,,,,,,60072,,,,,,,
2021-08-25,1485,1359,416,126,,,,,,,,60150,,,,,,,
2021-08-26,1537,1400,392,137,,,,,,,,60446,,,,,,,
2021-08-27,1608,1463,411,145,,,,,,,,61676,,,,,,,
2021-08-28,1619,1472,421,147,,,,,,,,61980,,,,,,,
2021-08-29,1645,1503,426,142,,,,,,,,62065,,,,,,,
2021-08-30,1700,1527,432,173,,,,,,,,62111,,,,,,,
2021-08-31,1768,1631,427,137,,,,,,,,62280,,,,,,,
2021-09-01,1854,1699,439,155,,,,,,,,62421,,,,,,,
2021-09-02,1882,1737,447,145,266,,,,2751,,,62550,,,,2127,624,,
2021-09-03,1892,1732,466,160,261,,,,2728,,,62952,,,,2151,577,,
2021-09-04,1987,1793,474,194,271,,,,2877,,,63059,,,,2289,588,,
2021-09-05,1941,1781,473,160,279,,,,3056,,,63145,,,,2434,622,,
2021-09-06,1981,1805,483,176,286,,,,3036,,,63236,,,,2408,628,,
2021-09-07,1996,1859,467,137,291,,,,2977,,,63647,,,,2341,636,,
2021-09-08,2161,2012,504,149,298,,,,2795,,,63794,,,,2207,588,,
2021-09-09,2176,1981,514,195,294,,,,2633,,,64001,,,,2062,571,,
2021-09-10,2150,1960,513,190,303,,,,2592,,,64204,,,,2024,568,,
2021-09-11,2188,1991,536,197,309,,,,2610,,,64356,,,,2058,552,,
2021-09-12,2134,1965,528,169,327,,,,2681,,,64397,,,,2106,575,,
2021-09-13,2103,1928,538,175,333,,,,2731,,,64786,,,,2114,617,,
2021-09-14,2117,1985,546,132,344,,,,2642,,,64990,,,,2051,591,,
2021-09-15,2155,1970,537,185,352,,,,2191,,,65200,,,,1755,436,,
2021-09-16,2144,1994,544,150,350,,,,2136,,,65323,,,,1722,414,,
2021-09-17,2174,1984,621,190,343,,,,1967,,,65446,,,,1632,335,,
2021-09-18,2185,1998,559,187,345,,,,2026,,,65548,,,,1700,326,,
2021-09-19,2103,1933,536,170,338,,,,2133,,,65622,,,,1806,327,,
2021-09-20,2158,1993,549,165,344,,,,2210,,,65573,,,,1834,376,,
2021-09-21,2211,2041,567,170,347,,,,2229,,,65879,,,,1801,428,,
2021-09-22,2166,2018,556,148,347,,,,2157,,,66058,,,,1782,375,,
2021-09-23,2168,1993,559,175,345,,,,2023,,,66178,,,,1638,385,,
2021-09-24,2106,1954,557,152,338,,,,1990,,,66371,,,,1612,378,,
2021-09-25,2099,1940,534,159,340,,,,2185,,,67238,,,,1786,399,,
2021-09-26,2067,1899,536,168,337,,,,2281,,,67318,,,,1898,383,,
2021-09-27,2068,1880,540,188,351,,,,2348,,,67412,,,,1938,410,,
2021-09-28,2111,1925,552,186,,,,,2260,,,67590,,,,1859,401,,
2021-09-29,2033,1878,533,155,328,,,,2229,,,67706,,,,1882,347,,
2021-09-30,1986,1842,527,144,336,,,,2217,,,67812,,,,1854,363,,
2021-10-01,1898,1766,512,132,329,,,,2271,,,68609,,,,1893,378,,
2021-10-02,1881,1729,495,152,309,,,,2189,,,68704,,,,1805,384,,
2021-10-03,1910,1778,484,132,304,,,,2465,,,68765,,,,2024,441,,
2021-10-04,1832,1672,479,160,295,,,,2459,,,68812,,,,2008,450,,
2021-10-05,1807,1675,458,132,288,,,,2417,,,68891,,,,2008,409,,
2021-10-06,1794,1652,468,142,279,,,,2188,,,69027,,,,1799,389,,
2021-10-07,1669,1553,460,116,278,,,,2231,,,69205,,,,1869,362,,
2021-10-08,1671,1583,443,88,273,,,,2252,,,69354,,,,1859,393,,
2021-10-09,1653,1559,442,94,279,,,,2304,,,69520,,,,1918,386,,
2021-10-10,1585,1496,427,89,267,,,,2435,,,69583,,,,2017,418,,
2021-10-11,1563,1463,412,100,262,,,,2445,,,69622,,,,2019,426,,
2021-10-12,1585,1487,426,98,267,,,,2382,,,69749,,,,1954,428,,
2021-10-13,1576,1471,422,105,260,,,,2292,,,69881,,,,1898,394,,
2021-10-14,1533,1424,393,109,243,,,,2301,,,69986,,,,1906,395,,
2021-10-15,1474,1371,385,103,244,,,,2298,,,70074,,,,1902,396,,
2021-10-16,1450,1349,391,101,236,,,,2369,,,70673,,,,1981,388,,
2021-10-17,1372,1269,366,103,226,,,,2443,,,70232,,,,1979,464,,
2021-10-18,1388,1301,363,87,230,,,,2509,,,70354,,,,2014,495,,
2021-10-19,1386,1288,364,98,221,,,,2330,,,70496,,,,1869,461,,
2021-10-20,1325,1225,331,100,230,,,,2265,,,70603,,,,1843,422,,
2021-10-21,1311,1199,334,112,214,,,,2352,,,70704,,,,1912,440,,
2021-10-22,1266,1167,313,99,212,,,,2375,,,70779,,,,1904,471,,
2021-10-23,1228,1145,314,83,215,,,,2450,,,70862,,,,1967,483,,
2021-10-24,1222,1136,308,86,214,,,,2629,,,70918,,,,2148,481,,
2021-10-25,1230,1135,320,95,222,,,,2682,,,70944,,,,2203,479,,
2021-10-26,1202,1108,307,94,219,,,,2561,,,71078,,,,2119,442,,
2021-10-27,1175,1060,315,115,213,,,,2487,,,71151,,,,2035,452,,
2021-10-28,1155,1059,307,96,214,,,,2464,,,71262,,,,2018,446,,
2021-10-29,1058,963,301,95,217,,,,2405,,,71365,,,,1955,450,,
2021-10-30,1018,917,285,101,179,,,,2631,,,71602,,,,2177,454,,
2021-10-31,949,873,277,76,178,,,,2706,,,71648,,,,2205,501,,
2021-11-01,934,866,279,68,188,,,,2690,,,71694,,,,2211,479,,
2021-11-02,954,882,274,72,172,,,,2469,,,71799,,,,2020,449,,
2021-11-03,967,882,277,85,175,,,,2470,,,71953,,,,2019,451,,
2021-11-04,947,868,254,79,165,,,,2371,,,72023,,,,1933,438,,
2021-11-05,923,848,237,75,148,,,,2421,,,72087,,,,1989,432,,
2021-11-06,858,787,225,71,142,,,,2494,,,72157,,,,2055,439,,
2021-11-07,828,762,223,66,141,,,,2659,,,72199,,,,2190,469,,
2021-11-08,806,737,212,69,130,,,,2792,,,72236,,,,2277,515,,
2021-11-09,857,759,219,98,131,,,,2709,,,72308,,,,2230,479,,
2021-11-10,877,783,237,94,138,,,,2561,,,72394,,,,2025,536,,
2021-11-11,854,760,212,94,129,,,,2472,,,72471,,,,2004,468,,
2021-11-12,825,760,208,65,,,,,2528,,,72544,,,,2065,463,,
2021-11-13,842,756,224,86,111,,,,2535,,,72608,,,,2068,467,,
2021-11-14,829,745,215,84,112,,,,2642,,,72655,,,,2133,509,,
2021-11-15,829,749,205,80,104,,,,2726,,,72692,,,,2186,540,,
2021-11-16,849,772,204,77,117,,,,2615,,,72788,,,,2096,519,,
2021-11-17,879,777,205,102,113,,,,2562,,,72824,,,,2070,492,,
2021-11-18,847,767,199,80,114,,,,2443,,,72921,,,,1968,475,,
2021-11-19,847,752,202,95,114,,,,2442,,,72990,,,,1991,451,,
2021-11-20,849,766,201,83,113,,,,2543,,,73442,,,,2101,442,,
2021-11-21,849,761,213,88,116,,,,2668,,,73502,,,,2201,467,,
2021-11-22,846,762,215,84,114,,,,2760,,,73559,,,,2264,496,,
2021-11-23,863,783,221,80,113,,,,2630,,,73659,,,,2180,450,,
2021-11-24,867,788,216,79,116,,,,2568,,,73723,,,,2134,434,,
2021-11-25,881,789,219,92,113,,,,2772,,,73765,,,,2303,469,,
2021-11-26,859,778,231,81,115,,,,3063,,,73825,,,,2554,509,,
2021-11-27,903,806,228,97,121,,,,3187,,,73906,,,,2681,506,,
2021-11-28,920,827,245,93,120,,,,3133,,,73949,,,,2612,521,,
2021-11-29,936,855,241,81,116,,,,3083,,,74003,,,,2533,550,,
2021-11-30,992,900,236,92,128,,,,2786,,,74126,,,,2264,522,,
2021-12-01,965,895,235,70,146,,,,2556,,,74187,,,,2083,473,,
2021-12-02,1005,943,237,62,135,,,,2518,,,74319,,,,2070,448,,
2021-12-03,1041,965,241,76,130,,,,2408,,,74421,,,,1980,428,,
2021-12-04,1051,979,233,72,129,,,,2413,,,74610,,,,1968,445,,
2021-12-05,1080,987,250,93,123,,,,2613,,,74694,,,,2153,460,,
2021-12-06,1077,994,247,83,127,,,,2719,,,74736,,,,2214,505,,
2021-12-07,1131,1056,252,75,135,,,,2537,,,74729,,,,2076,461,,
2021-12-08,1208,1124,250,84,140,,,,2369,,,74812,,,,1959,410,,
2021-12-09,1189,1092,258,97,145,,,,2400,,,74927,,,,2000,400,,
2021-12-10,1251,1158,266,93,150,,,,2501,,,75076,,,,2088,413,,
2021-12-11,1279,1176,279,103,150,,,,2548,,,75220,,,,2070,478,,
2021-12-12,1276,1188,283,88,157,,,,2663,,,75306,,,,2177,486,,
2021-12-13,1278,1206,292,72,164,,,,2648,,,75377,,,,2145,503,,
2021-12-14,1330,1260,301,70,178,,,,2576,,,75585,,,,2119,457,,
2021-12-15,1401,1301,324,100,174,,,,2478,,,75708,,,,2026,452,,
2021-12-16,1430,1333,336,97,185,,,,2424,,,75817,,,,1997,427,,
2021-12-17,1403,1328,336,75,186,,,,2420,,,75941,,,,2037,383,,
2021-12-18,1412,1322,344,90,196,,,,2564,,,76062,,,,2145,419,,
2021-12-19,1418,1352,357,66,195,,,,2611,,,76155,,,,2185,426,,
2021-12-20,1436,1344,368,92,208,,,,2713,,,76273,,,,2275,438,,
2021-12-21,1518,1425,378,93,213,,,,2725,,,76468,,,,2260,465,,
2021-12-22,1550,1449,379,101,209,,,,2608,,,76625,,,,2191,417,,
2021-12-23,1574,1447,382,127,204,,,,2709,,,76764,,,,2265,444,,
2021-12-24,1579,1467,381,112,212,,,,2893,,,76953,,,,2451,442,,
2021-12-25,1634,1514,376,120,209,,,,3193,,,77118,,,,2703,490,,
2021-12-26,1634,1525,382,109,214,,,,3333,,,77256,,,,2846,487,,
2021-12-27,1672,1553,399,119,218,,,,3124,,,77349,,,,2650,474,,
2021-12-28,1906,1711,407,195,237,,,,2970,,,77613,,,,2532,438,,
2021-12-29,2014,1845,412,169,242,,,,2671,,,77859,,,,2257,414,,
2021-12-30,2101,1923,418,178,252,,,,2513,,,78065,,,,2100,413,,
2021-12-31,2182,1982,438,200,249,,,,2519,,,78274,,,,2131,388,,
2022-01-01,2292,2064,464,228,248,,,,2574,,,78422,,,,2182,392,,
2022-01-02,2405,2149,472,256,259,,,,2729,,,78546,,,,2282,447,,
2022-01-03,2611,2339,498,272,259,,,,2611,,,78793,,,,2178,433,,
2022-01-04,2798,2567,512,231,275,,,,2477,,,79586,,,,2045,432,,
2022-01-05,2965,2732,499,233,280,,,,2406,,,80022,,,,1991,415,,
2022-01-06,3094,2915,526,179,288,,,,2526,,,80449,,,,2024,502,,
2022-01-07,3329,3103,545,226,297,,,,2536,,,80763,,,,2086,450,,
2022-01-08,3478,3258,558,220,302,,,,2418,,,81040,,,,2034,384,,
2022-01-09,3551,3356,572,195,311,,,,2485,,,81412,,,,2069,416,,
2022-01-10,3681,3489,567,192,314,,,,2501,,,81718,,,,2102,399,,
2022-01-11,3845,3678,589,167,328,,,,2461,,,82188,,,,2083,378,,
2022-01-12,3899,3722,621,177,345,,,,1864,,,82596,,,,1493,371,1383,135
2022-01-13,3894,3679,646,215,349,,,,1926,,,83130,,,,1563,363,1433,132
2022-01-14,3845,3673,656,172,360,,,,1964,,,83676,,,,1600,364,1467,135
2022-01-15,3867,3669,657,198,359,,,,1893,,,84202,,,,1577,316,1460,114
2022-01-16,3817,3636,659,181,359,,,,1931,,,84533,,,,1590,341,1468,122
2022-01-17,3812,3652,656,160,373,,,,1915,,,84782,,,,1555,360,1406,135
2022-01-18,3948,3790,676,158,377,,,,1876,,,85304,,,,1495,381,1352,160
2022-01-19,3942,3755,655,187,385,,,,1804,,,85834,,,,1446,358,1300,137
2022-01-20,3868,3742,635,126,388,,,,1766,,,86282,,,,1400,366,1270,135
2022-01-21,3836,3689,632,147,387,,,,1750,,,86681,,,,1395,355,1243,130
2022-01-22,3750,3603,630,147,402,,,,1794,,,87080,,,,1444,350,1294,140
2022-01-23,3634,3500,604,134,373,,,,1860,,,87381,,,,1496,364,1329,146
2022-01-24,3648,3513,601,135,386,,,,1812,,,87619,,,,1442,370,1281,159
2022-01-25,3603,3445,604,158,359,,,,1766,,,87909,,,,1387,379,1235,158
2022-01-26,3510,3351,588,159,361,,,,1720,,,88374,,,,1364,356,1228,144
2022-01-27,3467,3312,576,155,343,,,,1648,,,89682,,,,1277,350,1176,137
2022-01-28,3197,3036,552,161,337,,,,1693,,,90236,,,,1334,359,1225,135
2022-01-29,3061,2937,536,124,341,,,,1786,,,90563,,,,1424,362,1310,130
2022-01-30,2949,2830,525,119,339,,,,1834,,,90907,,,,1436,398,1325,166
2022-01-31,2896,2757,512,139,349,,,,1862,,,91242,,,,1460,402,1343,170
2022-02-01,2924,2805,506,119,321,,,,1806,,,91586,,,,1423,383,1310,134
2022-02-02,2787,2645,479,142,303,,,,1802,,,92479,,,,1423,379,1312,129
2022-02-03,2578,2454,466,124,299,,,,1821,,,92906,,,,1453,368,1343,128
2022-02-04,2521,2399,454,122,286,,,,1825,,,93232,,,,1436,389,1333,141
2022-02-05,2382,2271,451,111,276,,,,1789,,,93547,,,,1422,367,1318,142
2022-02-06,2284,2206,438,78,262,,,,1891,,,93754,,,,1500,391,1396,153
2022-02-07,2250,2146,426,104,252,,,,1901,,,95592,,,,1499,402,1381,165
2022-02-08,2178,2068,434,110,248,,,,1714,,,95906,,,,1328,386,1224,161
2022-02-09,2113,2008,397,105,231,,,,1681,,,100697,,,,1299,382,1207,148
2022-02-10,1990,1905,408,85,220,,,,1669,,,100893,,,,1309,360,1217,130
2022-02-11,1953,1823,374,130,212,,,,1818,,,101170,,,,1470,348,1364,123
2022-02-12,1786,1700,358,86,213,,,,,,,,,,,,,,
2022-02-13,1700,1599,341,101,211,,,,1997,,,101670,,,,1611,386,1492,158
2022-02-14,1676,1563,349,113,210,,,,2030,,,101801,,,,1616,414,1504,188
2022-02-15,1669,1556,355,113,208,,,,1929,,,102061,,,,1521,408,1405,173
2022-02-16,1568,1490,320,78,199,,,,1928,,,102200,,,,1527,401,1402,159
2022-02-17,1499,1400,324,99,184,,,,1795,,,102439,,,,1408,387,1278,149
2022-02-18,1424,1340,297,84,175,,,,1869,,,102634,,,,1442,427,1327,194
2022-02-19,1334,1249,281,85,167,,,,1964,,,102769,,,,1526,438,1420,209
2022-02-20,1270,1162,250,108,171,,,,2024,,,102951,,,,1542,482,1436,249
2022-02-21,1221,1115,250,106,157,,,,2231,,,103042,,,,1706,525,1579,272
2022-02-22,1199,1070,240,129,148,,,,2035,,,103189,,,,1551,484,1429,222
2022-02-23,1080,988,217,92,133,,,,1940,,,103604,,,,1488,452,1389,212
2022-02-24,1018,945,208,73,142,,,,1839,,,103750,,,,1408,431,1324,187
2022-02-25,1002,925,198,77,121,,,,1868,,,103872,,,,1444,424,1358,188
2022-02-26,968,899,194,69,120,,,,2070,,,103980,,,,1613,457,1510,218
2022-02-27,940,877,186,63,134,,,,2160,,,104057,,,,1694,466,1591,237
2022-02-28,902,832,187,70,114,,,,2222,,,104179,,,,1734,488,1616,250
2022-03-01,855,792,164,63,112,,,,2222,,,104332,,,,1712,510,1609,258
2022-03-02,834,758,157,76,110,,,,2101,,,104447,,,,1585,516,1476,256
2022-03-03,789,722,154,67,100,,,,2108,,,104628,,,,1583,525,1478,259
2022-03-04,768,706,154,62,101,,,,2113,,,104748,,,,1589,524,1493,253
2022-03-05,709,672,149,37,104,,,,2193,,,104874,,,,1680,513,1576,263
2022-03-06,691,642,141,49,96,,,,2331,,,104933,,,,1806,525,1680,287
2022-03-07,636,595,139,41,97,,,,2420,,,105039,,,,1870,550,1751,303
2022-03-08,635,546,131,89,86,,,,2210,,,105170,,,,1647,563,1536,287
2022-03-09,593,506,130,87,92,,,,2142,,,105237,,,,1606,536,1499,263
2022-03-10,530,472,112,58,85,,,,2133,,,105331,,,,1604,529,1509,271
2022-03-11,507,443,115,64,85,,,,2224,,,105439,,,,1669,555,1574,291
2022-03-12,474,427,115,47,80,,,,2268,,,105498,,,,1694,574,1591,317
2022-03-13,457,412,103,45,79,,,,2374,,,105559,,,,1818,556,1708,296
2022-03-14,444,401,97,43,79,,,,2454,,,105599,,,,1878,576,1723,326
2022-03-15,433,400,95,33,75,,,,2403,,,105654,,,,1819,584,1726,325
2022-03-16,452,400,94,52,71,,,,2175,,,105709,,,,1601,574,1499,310
2022-03-17,462,394,94,68,72,,,,2101,,,105767,,,,1570,531,1474,271
2022-03-18,451,400,101,51,64,,,,,,,,,,,,,,
2022-03-19,402,355,91,47,52,,,,2296,,,105949,,,,1756,540,1662,285
2022-03-20,399,351,91,48,46,,,,2416,,,105993,,,,1864,552,1763,304
2022-03-21,408,349,88,59,41,,,,2401,,,106035,,,,1812,589,1726,335
2022-03-22,391,335,95,56,37,,,,2152,,,106083,,,,1594,558,1497,317
2022-03-23,379,321,83,58,40,,,,2059,,,106153,,,,1512,547,1423,294
2022-03-24,366,303,85,63,42,,,,2099,,,106189,,,,1588,511,1497,283
2022-03-25,321,264,78,57,31,,,,2195,,,106259,,,,1664,531,1574,304
2022-03-26,306,261,64,45,25,,,,2277,,,106308,,,,1728,549,1639,303
2022-03-27,282,251,53,31,25,,,,2420,,,106431,,,,1880,540,1792,297
2022-03-28,288,245,54,43,23,,,,2381,,,106458,,,,1829,552,1737,312
2022-03-29,326,250,61,76,25,,,,2267,,,106499,,,,1670,597,1574,335
2022-03-30,282,230,50,52,21,,,,2061,,,106532,,,,1509,552,1413,310
2022-03-31,267,221,46,46,17,,,,2073,,,106572,,,,1530,543,1446,287
2022-04-01,266,218,42,48,16,,,,2122,,,107169,,,,1604,518,1511,275
2022-04-02,245,202,37,43,13,,,,2252,,,107208,,,,1747,505,1630,271
2022-04-03,242,190,35,52,16,,,,2522,,,107234,,,,1983,539,1860,309
2022-04-04,230,183,37,47,15,,,,2470,,,107246,,,,1924,546,1787,321
2022-04-05,226,181,41,45,18,,,,2252,,,107297,,,,1712,540,1588,312
2022-04-06,241,183,42,58,17,,,,2092,,,107322,,,,1583,509,1475,288
2022-04-07,231,180,35,51,17,,,,2054,,,107341,,,,1563,491,1448,280
2022-04-08,219,177,32,42,11,,,,1965,,,107377,,,,1491,474,1395,255
2022-04-09,202,161,31,41,11,,,,2162,,,107466,,,,1642,520,1533,289
2022-04-10,205,159,30,46,12,,,,2225,,,107475,,,,1695,530,1589,308
2022-04-11,,150,26,,10,,,,,,,107489,,,,,,,
2022-04-12,,155,31,,15,,,,,,,107550,,,,,,,
2022-04-13,,152,34,,17,,,,,,,107602,,,,,,,
2022-04-14,,147,29,,14,,,,,,,107662,,,,,,,
2022-04-15,,150,27,,12,,,,,,,107652,,,,,,,
2022-04-16,,153,29,,10,,,,,,,107678,,,,,,,
2022-04-17,,143,27,,,,,,,,,107707,,,,,,,
2022-04-18,,152,26,,,,,,,,,107713,,,,,,,
2022-04-19,,159,32,,12,,,,,,,107737,,,,,,,
2022-04-20,,166,35,,13,,,,,,,107798,,,,,,,
2022-04-21,,165,32,,11,,,,,,,107843,,,,,,,
2022-04-22,,179,31,,15,,,,,,,107886,,,,,,,
2022-04-23,,180,30,,10,,,,,,,107926,,,,,,,
2022-04-24,,176,30,,10,,,,,,,107938,,,,,,,
2022-04-25,,176,30,,10,,,,,,,107968,,,,,,,
2022-04-26,,185,28,,12,,,,,,,108006,,,,,,,
2022-04-27,,200,35,,17,,,,,,,108031,,,,,,,
2022-04-28,,194,39,,14,,,,,,,108066,,,,,,,
2022-04-29,,186,37,,11,,,,,,,108103,,,,,,,
2022-04-30,,180,32,,,,,,,,,108177,,,,,,,
2022-05-01,,167,29,,11,,,,,,,108198,,,,,,,
2022-05-02,,166,28,,11,,,,,,,108219,,,,,,,
2022-05-03,,188,34,,10,,,,,,,108265,,,,,,,
2022-05-04,,206,30,,11,,,,,,,108324,,,,,,,
2022-05-05,,210,33,,,,,,,,,108366,,,,,,,
2022-05-06,,218,30,,11,,,,,,,108400,,,,,,,
2022-05-07,,250,38,,12,,,,,,,108474,,,,,,,
2022-05-09,,261,31,,11,,,,,,,108554,,,,,,,
2022-05-10,,282,34,,12,,,,,,,108615,,,,,,,
2022-05-11,,289,41,,19,,,,,,,108665,,,,,,,
2022-05-12,,299,44,,18,,,,,,,108723,,,,,,,
2022-05-13,,325,45,,20,,,,,,,108812,,,,,,,
2022-05-15,,362,49,,29,,,,,,,108891,,,,,,,
2022-05-16,,372,56,,30,,,,,,,108927,,,,,,,
2022-05-17,,390,57,,28,,,,,,,109000,,,,,,,
2022-05-18,,420,62,,26,,,,,,,109062,,,,,,,
2022-05-19,,412,60,,23,,,,,,,109122,,,,,,,
2022-05-20,,429,65,,23,,,,,,,109196,,,,,,,
2022-05-23,,459,55,,23,,,,,,,109376,,,,,,,
2022-05-24,,472,55,,19,,,,,,,109587,,,,,,,
2022-05-25,,519,62,,19,,,,,,,109683,,,,,,,
2022-05-26,,524,74,,23,,,,,,,109775,,,,,,,
2022-05-27,,523,68,,25,,,,,,,109862,,,,,,,
2022-05-30,,551,78,,22,,,,,,,110036,,,,,,,
2022-05-31,,573,79,,20,,,,,,,110136,,,,,,,
2022-06-01,,588,79,,28,,,,,,,110239,,,,,,,
2022-06-02,,582,80,,23,,,,,,,110333,,,,,,,
2022-06-03,,580,87,,30,,,,,,,110411,,,,,,,
2022-06-06,,560,91,,32,,,,,,,110598,,,,,,,
2022-06-07,,586,67,,24,,,,,,,110749,,,,,,,
2022-06-08,,581,76,,25,,,,,,,110865,,,,,,,
2022-06-09,,569,78,,25,,,,,,,110953,,,,,,,
2022-06-10,,574,83,,25,,,,,,,111058,,,,,,,
2022-06-13,,579,78,,28,,,,,,,111310,,,,,,,
2022-06-14,,572,85,,33,,,,,,,111405,,,,,,,
2022-06-15,,566,80,,29,,,,,,,111545,,,,,,,
2022-06-16,,553,83,,27,,,,,,,111627,,,,,,,
2022-06-17,,536,88,,29,,,,,,,111722,,,,,,,
2022-06-20,,536,112,,26,,,,,,,111849,,,,,,,
2022-06-21,,556,96,,27,,,,,,,112066,,,,,,,
2022-06-22,,542,91,,31,,,,,,,112137,,,,,,,
2022-06-23,,528,77,,33,,,,,,,112309,,,,,,,
2022-06-24,,532,76,,28,,,,,,,112342,,,,,,,
2022-06-27,,529,83,,27,,,,,,,112610,,,,,,,
2022-06-28,,571,85,,30,,,,,,,112751,,,,,,,
2022-06-29,,571,79,,32,,,,,,,112876,,,,,,,
2022-06-30,,603,84,,34,,,,,,,112988,,,,,,,
2022-07-01,,591,77,,29,,,,,,,113044,,,,,,,
2022-07-05,,609,82,,28,,,,,,,113253,,,,,,,
2022-07-06,,651,95,,31,,,,,,,113463,,,,,,,
2022-07-07,,648,98,,31,,,,,,,113629,,,,,,,
2022-07-08,,659,100,,28,,,,,,,113765,,,,,,,
2022-07-11,,647,89,,23,,,,,,,114031,,,,,,,
2022-07-12,,672,93,,27,,,,,,,114204,,,,,,,
2022-07-13,,675,89,,29,,,,,,,114324,,,,,,,
2022-07-14,,670,87,,31,,,,,,,114432,,,,,,,
2022-07-15,,641,97,,31,,,,,,,114557,,,,,,,
2022-07-18,,676,89,,23,,,,,,,114789,,,,,,,
2022-07-19,,701,90,,30,,,,,,,115074,,,,,,,
2022-07-20,,711,82,,24,,,,,,,115204,,,,,,,
2022-07-21,,731,91,,29,,,,,,,115330,,,,,,,
2022-07-22,,744,95,,31,,,,,,,115456,,,,,,,
2022-07-25,,756,93,,40,,,,,,,115785,,,,,,,
2022-07-26,,783,87,,28,,,,,,,115939,,,,,,,
2022-07-27,,797,93,,26,,,,,,,116053,,,,,,,
2022-07-28,,779,101,,29,,,,,,,116175,,,,,,,
2022-07-29,,768,96,,26,,,,,,,116319,,,,,,,
2022-08-01,,757,97,,25,,,,,,,116478,,,,,,,
2022-08-02,,813,103,,36,,,,,,,116743,,,,,,,
2022-08-03,,812,102,,44,,,,,,,116856,,,,,,,
2022-08-04,,819,112,,40,,,,,,,116945,,,,,,,
2022-08-05,,834,112,,36,,,,,,,117235,,,,,,,
2022-08-08,,737,109,,43,,,,,,,117588,,,,,,,
2022-08-09,,759,106,,49,,,,,,,117776,,,,,,,
2022-08-10,,784,115,,42,,,,,,,117940,,,,,,,
2022-08-11,,814,110,,37,,,,,,,118071,,,,,,,
2022-08-12,,805,119,,35,,,,,,,118237,,,,,,,
2022-08-15,,779,123,,53,,,,,,,118476,,,,,,,
2022-08-16,,786,120,,53,,,,,,,118726,,,,,,,
2022-08-17,,780,120,,57,,,,,,,119050,,,,,,,
2022-08-18,,800,125,,52,,,,,,,119148,,,,,,,
2022-08-19,,796,106,,43,,,,,,,119297,,,,,,,
2022-08-22,,803,100,,42,,,,,,,119497,,,,,,,
2022-08-23,,815,108,,32,,,,,,,119843,,,,,,,
2022-08-25,,815,83,,24,,,,,,,120070,,,,,,,
2022-08-26,,760,84,,29,,,,,,,120210,,,,,,,
2022-08-29,,774,92,,31,,,,,,,120447,,,,,,,
2022-08-30,,830,106,,39,,,,,,,120710,,,,,,,
2022-08-31,,831,106,,40,,,,,,,120826,,,,,,,
2022-09-01,,813,106,,40,,,,,,,120914,,,,,,,
2022-09-02,,773,107,,35,,,,,,,121090,,,,,,,
2022-09-06,,759,104,,35,,,,,,,121348,,,,,,,
2022-09-07,,794,118,,43,,,,,,,121481,,,,,,,
2022-09-08,,754,124,,47,,,,,,,121574,,,,,,,
2022-09-09,,735,115,,43,,,,,,,121687,,,,,,,
2022-09-12,,715,96,,35,,,,,,,121822,,,,,,,
2022-09-13,,733,94,,33,,,,,,,122025,,,,,,,
2022-09-14,,693,86,,30,,,,,,,122106,,,,,,,
2022-09-15,,672,80,,30,,,,,,,122174,,,,,,,
2022-09-16,,657,88,,28,,,,,,,122285,,,,,,,
2022-09-19,,662,97,,24,,,,,,,122419,,,,,,,
2022-09-20,,652,92,,21,,,,,,,122538,,,,,,,
2022-09-21,,653,78,,18,,,,,,,122608,,,,,,,
2022-09-22,,611,83,,24,,,,,,,122776,,,,,,,
2022-09-23,,605,82,,21,,,,,,,122848,,,,,,,
2022-09-26,,573,75,,21,,,,,,,123004,,,,,,,
2022-09-27,,571,65,,23,,,,,,,123156,,,,,,,
2022-09-28,,568,56,,20,,,,,,,123234,,,,,,,
2022-09-29,,559,64,,20,,,,,,,123297,,,,,,,
2022-10-03,,536,71,,19,,,,,,,123570,,,,,,,
2022-10-04,,544,65,,18,,,,,,,123690,,,,,,,
2022-10-05,,555,73,,26,,,,,,,123734,,,,,,,
2022-10-06,,564,71,,29,,,,,,,123842,,,,,,,
2022-10-07,,543,75,,27,,,,,,,123982,,,,,,,
2022-10-10,,515,74,,26,,,,,,,124050,,,,,,,
2022-10-11,,487,67,,29,,,,,,,124235,,,,,,,
2022-10-12,,488,65,,26,,,,,,,124311,,,,,,,
2022-10-13,,460,66,,24,,,,,,,124390,,,,,,,
2022-10-14,,472,69,,25,,,,,,,124450,,,,,,,
2022-10-17,,488,65,,24,,,,,,,124593,,,,,,,
